F1-Score,AUC-ROC
0.9615384615384616,0.9990941157607824
